customer_id,reported_usage,actual_usage,voltage_fluctuations,avg_daily_load,no_of_blackouts,power_bypassed,theft_flag
CUST_0001,282.86,324.84,1,10.83,0,41.98,1
CUST_0002,265.35,293.09,1,9.77,0,27.74,1
CUST_0003,330.6,332.38,4,11.08,4,1.79,0
CUST_0004,395.56,376.15,1,12.54,0,-19.41,0
CUST_0005,267.35,288.29,3,9.61,3,20.95,1
CUST_0006,276.49,288.29,1,9.61,0,11.8,0
CUST_0007,352.1,378.96,2,12.63,3,26.86,1
CUST_0008,319.32,338.37,5,11.28,0,19.06,0
CUST_0009,245.04,276.53,4,9.22,0,31.49,1
CUST_0010,343.19,327.13,3,10.9,1,-16.06,0
CUST_0011,237.31,276.83,3,9.23,0,39.52,1
CUST_0012,270.79,276.71,5,9.22,1,5.93,0
CUST_0013,249.84,312.1,3,10.4,1,62.26,1
CUST_0014,225.01,204.34,2,6.81,4,-20.68,0
CUST_0015,161.68,213.75,1,7.13,0,52.08,1
CUST_0016,265.95,271.89,2,9.06,0,5.94,0
CUST_0017,268.9,249.36,1,8.31,2,-19.54,0
CUST_0018,330.23,315.71,2,10.52,1,-14.52,0
CUST_0019,264.21,254.6,1,8.49,2,-9.61,0
CUST_0020,216.66,229.38,3,7.65,1,12.72,0
CUST_0021,357.6,373.28,3,12.44,1,15.69,0
CUST_0022,305.92,288.71,6,9.62,0,-17.21,0
CUST_0023,304.11,303.38,5,10.11,1,-0.73,0
CUST_0024,164.49,228.76,6,7.63,1,64.27,1
CUST_0025,220.95,272.78,1,9.09,0,51.83,1
CUST_0026,292.46,305.55,2,10.18,2,13.09,0
CUST_0027,241.31,242.45,4,8.08,0,1.14,0
CUST_0028,315.18,318.78,2,10.63,2,3.6,0
CUST_0029,251.56,269.97,1,9.0,0,18.41,0
CUST_0030,316.1,285.42,4,9.51,0,-30.68,0
CUST_0031,277.64,269.91,4,9.0,1,-7.72,0
CUST_0032,442.67,392.61,1,13.09,0,-50.06,0
CUST_0033,287.35,299.33,4,9.98,2,11.98,0
CUST_0034,227.7,247.11,3,8.24,1,19.42,0
CUST_0035,355.62,341.13,1,11.37,0,-14.5,0
CUST_0036,191.74,238.96,2,7.97,0,47.22,1
CUST_0037,347.22,310.44,1,10.35,1,-36.77,0
CUST_0038,245.95,202.02,2,6.73,2,-43.93,0
CUST_0039,226.86,233.59,2,7.79,1,6.73,0
CUST_0040,278.43,309.84,3,10.33,3,31.41,1
CUST_0041,286.41,336.92,4,11.23,1,50.52,1
CUST_0042,322.33,308.57,4,10.29,1,-13.77,0
CUST_0043,261.86,294.22,0,9.81,0,32.36,1
CUST_0044,286.1,284.94,3,9.5,1,-1.16,0
CUST_0045,231.25,226.07,0,7.54,0,-5.18,0
CUST_0046,237.5,264.01,3,8.8,1,26.51,1
CUST_0047,257.4,276.97,1,9.23,1,19.57,0
CUST_0048,400.15,352.86,4,11.76,0,-47.29,0
CUST_0049,272.88,317.18,5,10.57,0,44.3,1
CUST_0050,170.45,211.85,1,7.06,2,41.4,1
CUST_0051,334.97,316.2,3,10.54,1,-18.77,0
CUST_0052,268.87,280.75,3,9.36,2,11.87,0
CUST_0053,251.33,266.15,3,8.87,0,14.82,0
CUST_0054,322.76,330.58,2,11.02,2,7.82,0
CUST_0055,368.06,351.55,3,11.72,2,-16.51,0
CUST_0056,366.71,346.56,3,11.55,0,-20.15,0
CUST_0057,258.81,258.04,4,8.6,0,-0.77,0
CUST_0058,249.36,284.54,3,9.48,1,35.18,1
CUST_0059,300.26,316.56,1,10.55,1,16.31,0
CUST_0060,359.9,348.78,2,11.63,1,-11.12,0
CUST_0061,252.89,276.04,4,9.2,1,23.15,1
CUST_0062,376.17,290.72,1,9.69,2,-85.46,0
CUST_0063,210.22,244.68,4,8.16,2,34.46,1
CUST_0064,292.38,240.19,2,8.01,1,-52.19,0
CUST_0065,351.5,340.63,1,11.35,0,-10.87,0
CUST_0066,401.4,367.81,5,12.26,1,-33.59,0
CUST_0067,335.24,296.4,6,9.88,1,-38.84,0
CUST_0068,315.35,350.18,1,11.67,2,34.82,1
CUST_0069,332.11,318.08,7,10.6,1,-14.03,0
CUST_0070,257.35,267.74,4,8.92,2,10.4,0
CUST_0071,319.48,318.07,3,10.6,0,-1.41,0
CUST_0072,362.59,376.9,3,12.56,2,14.31,0
CUST_0073,295.9,298.21,0,9.94,2,2.3,0
CUST_0074,416.72,378.23,3,12.61,1,-38.49,0
CUST_0075,139.12,169.01,3,5.63,0,29.89,1
CUST_0076,355.91,341.1,1,11.37,0,-14.81,0
CUST_0077,351.05,304.35,0,10.15,1,-46.7,0
CUST_0078,297.89,285.05,2,9.5,0,-12.84,0
CUST_0079,259.57,304.59,4,10.15,0,45.02,1
CUST_0080,175.11,200.62,6,6.69,0,25.51,1
CUST_0081,299.48,289.02,3,9.63,1,-10.46,0
CUST_0082,328.33,317.86,3,10.6,0,-10.48,0
CUST_0083,383.54,373.89,2,12.46,3,-9.65,0
CUST_0084,211.78,274.09,1,9.14,1,62.3,1
CUST_0085,248.12,259.58,0,8.65,0,11.46,0
CUST_0086,262.01,274.91,2,9.16,0,12.9,0
CUST_0087,314.86,345.77,6,11.53,1,30.91,1
CUST_0088,309.27,316.44,6,10.55,0,7.16,0
CUST_0089,281.28,273.51,3,9.12,0,-7.77,0
CUST_0090,331.55,325.66,3,10.86,2,-5.89,0
CUST_0091,307.0,304.85,2,10.16,1,-2.15,0
CUST_0092,349.55,348.43,5,11.61,1,-1.12,0
CUST_0093,243.07,264.9,3,8.83,1,21.83,1
CUST_0094,282.06,283.62,2,9.45,1,1.56,0
CUST_0095,258.42,280.39,2,9.35,1,21.98,1
CUST_0096,229.25,226.82,2,7.56,1,-2.42,0
CUST_0097,312.45,314.81,3,10.49,1,2.36,0
CUST_0098,373.0,313.05,1,10.44,2,-59.95,0
CUST_0099,272.77,300.26,6,10.01,2,27.49,1
CUST_0100,277.88,288.27,4,9.61,1,10.39,0
CUST_0101,199.29,229.23,6,7.64,2,29.94,1
CUST_0102,365.86,278.97,2,9.3,0,-86.89,0
CUST_0103,220.21,282.86,5,9.43,2,62.65,1
CUST_0104,264.07,259.89,2,8.66,1,-4.19,0
CUST_0105,258.69,291.94,3,9.73,1,33.25,1
CUST_0106,351.4,320.2,6,10.67,0,-31.2,0
CUST_0107,375.93,394.31,6,13.14,3,18.38,0
CUST_0108,340.33,308.73,5,10.29,0,-31.6,0
CUST_0109,331.59,312.88,4,10.43,1,-18.71,0
CUST_0110,238.86,296.28,3,9.88,0,57.42,1
CUST_0111,209.78,204.06,1,6.8,1,-5.72,0
CUST_0112,292.15,298.67,4,9.96,1,6.52,0
CUST_0113,276.91,303.01,3,10.1,1,26.1,1
CUST_0114,408.29,423.16,4,14.11,0,14.87,0
CUST_0115,285.87,290.38,2,9.68,0,4.51,0
CUST_0116,304.13,315.08,2,10.5,2,10.95,0
CUST_0117,226.16,298.26,4,9.94,0,72.1,1
CUST_0118,243.29,241.57,4,8.05,1,-1.73,0
CUST_0119,351.11,357.14,1,11.9,0,6.03,0
CUST_0120,306.08,337.6,2,11.25,2,31.52,1
CUST_0121,306.39,339.55,4,11.32,0,33.17,1
CUST_0122,218.92,254.53,2,8.48,1,35.61,1
CUST_0123,350.98,370.14,3,12.34,0,19.16,0
CUST_0124,264.2,229.91,5,7.66,2,-34.29,0
CUST_0125,280.34,329.34,2,10.98,2,49.0,1
CUST_0126,443.91,409.52,2,13.65,2,-34.39,0
CUST_0127,241.39,250.47,2,8.35,1,9.08,0
CUST_0128,294.31,271.69,2,9.06,0,-22.63,0
CUST_0129,306.91,304.98,4,10.17,0,-1.92,0
CUST_0130,264.96,274.83,2,9.16,2,9.86,0
CUST_0131,212.83,222.47,2,7.42,1,9.64,0
CUST_0132,290.77,303.43,3,10.11,0,12.66,0
CUST_0133,198.47,246.88,2,8.23,0,48.41,1
CUST_0134,310.07,323.68,2,10.79,0,13.61,0
CUST_0135,261.35,254.03,2,8.47,0,-7.32,0
CUST_0136,348.57,377.5,5,12.58,3,28.92,1
CUST_0137,225.15,260.84,4,8.69,1,35.68,1
CUST_0138,320.73,283.9,4,9.46,0,-36.83,0
CUST_0139,322.75,340.68,4,11.36,2,17.92,0
CUST_0140,217.42,238.46,4,7.95,1,21.04,1
CUST_0141,320.3,311.37,4,10.38,1,-8.93,0
CUST_0142,324.09,365.36,0,12.18,1,41.27,1
CUST_0143,224.13,219.63,1,7.32,0,-4.5,0
CUST_0144,305.46,309.23,4,10.31,1,3.77,0
CUST_0145,318.19,312.99,1,10.43,0,-5.19,0
CUST_0146,338.62,339.09,4,11.3,5,0.47,0
CUST_0147,271.04,238.15,1,7.94,1,-32.89,0
CUST_0148,277.18,233.98,2,7.8,1,-43.2,0
CUST_0149,278.26,326.1,2,10.87,1,47.84,1
CUST_0150,340.26,314.85,1,10.49,1,-25.41,0
CUST_0151,342.27,312.52,4,10.42,0,-29.74,0
CUST_0152,381.92,317.32,7,10.58,1,-64.6,0
CUST_0153,285.17,266.0,3,8.87,0,-19.17,0
CUST_0154,351.31,311.61,4,10.39,0,-39.69,0
CUST_0155,265.39,314.65,5,10.49,1,49.26,1
CUST_0156,233.99,264.28,3,8.81,2,30.29,1
CUST_0157,413.93,393.29,2,13.11,0,-20.64,0
CUST_0158,256.12,323.69,3,10.79,0,67.57,1
CUST_0159,210.98,240.43,2,8.01,1,29.45,1
CUST_0160,342.57,332.83,2,11.09,0,-9.74,0
CUST_0161,326.25,251.27,4,8.38,2,-74.98,0
CUST_0162,270.63,339.35,1,11.31,0,68.73,1
CUST_0163,399.62,357.93,5,11.93,3,-41.69,0
CUST_0164,308.33,258.97,2,8.63,3,-49.36,0
CUST_0165,317.49,348.17,3,11.61,1,30.68,1
CUST_0166,247.45,320.64,6,10.69,0,73.19,1
CUST_0167,299.57,341.1,3,11.37,1,41.53,1
CUST_0168,377.92,394.84,3,13.16,1,16.92,0
CUST_0169,269.89,287.73,7,9.59,3,17.84,0
CUST_0170,236.71,262.31,3,8.74,0,25.6,1
CUST_0171,232.76,255.52,1,8.52,1,22.77,1
CUST_0172,250.77,259.21,0,8.64,2,8.44,0
CUST_0173,293.02,296.14,3,9.87,0,3.13,0
CUST_0174,318.94,317.06,1,10.57,0,-1.88,0
CUST_0175,336.45,313.83,2,10.46,1,-22.62,0
CUST_0176,349.78,341.36,1,11.38,1,-8.42,0
CUST_0177,351.44,300.65,3,10.02,1,-50.79,0
CUST_0178,375.63,372.68,1,12.42,0,-2.95,0
CUST_0179,316.42,286.77,2,9.56,3,-29.66,0
CUST_0180,469.12,436.01,4,14.53,0,-33.11,0
CUST_0181,325.89,331.28,3,11.04,1,5.4,0
CUST_0182,215.38,257.14,4,8.57,2,41.76,1
CUST_0183,218.91,246.46,2,8.22,2,27.55,1
CUST_0184,371.24,324.12,2,10.8,1,-47.12,0
CUST_0185,318.52,288.83,3,9.63,1,-29.69,0
CUST_0186,307.48,335.7,1,11.19,2,28.22,1
CUST_0187,353.14,323.66,2,10.79,0,-29.47,0
CUST_0188,303.1,296.36,4,9.88,1,-6.74,0
CUST_0189,241.16,257.66,6,8.59,2,16.5,0
CUST_0190,253.31,224.26,4,7.48,0,-29.05,0
CUST_0191,274.51,277.67,1,9.26,1,3.16,0
CUST_0192,382.84,342.82,4,11.43,1,-40.02,0
CUST_0193,328.75,310.7,4,10.36,0,-18.04,0
CUST_0194,228.12,237.71,1,7.92,3,9.59,0
CUST_0195,356.45,308.66,5,10.29,0,-47.79,0
CUST_0196,306.05,319.27,2,10.64,0,13.21,0
CUST_0197,256.4,255.81,1,8.53,1,-0.59,0
CUST_0198,291.11,307.69,4,10.26,2,16.57,0
CUST_0199,296.19,302.91,3,10.1,2,6.72,0
CUST_0200,201.93,242.85,3,8.1,0,40.92,1
CUST_0201,314.13,317.89,6,10.6,0,3.76,0
CUST_0202,340.92,328.04,4,10.93,1,-12.88,0
CUST_0203,350.48,354.15,9,11.81,0,3.67,0
CUST_0204,336.39,352.69,3,11.76,0,16.3,0
CUST_0205,229.65,231.12,2,7.7,1,1.47,0
CUST_0206,251.89,253.11,3,8.44,0,1.22,0
CUST_0207,346.81,325.75,2,10.86,0,-21.06,0
CUST_0208,345.58,325.69,5,10.86,2,-19.89,0
CUST_0209,367.83,325.75,4,10.86,2,-42.08,0
CUST_0210,440.15,492.64,3,16.42,0,52.49,1
CUST_0211,365.86,328.54,5,10.95,0,-37.32,0
CUST_0212,377.57,356.78,3,11.89,0,-20.79,0
CUST_0213,369.25,347.7,1,11.59,1,-21.55,0
CUST_0214,305.72,332.57,3,11.09,1,26.85,1
CUST_0215,293.09,284.24,7,9.47,1,-8.85,0
CUST_0216,300.52,337.95,3,11.26,0,37.43,1
CUST_0217,281.56,261.36,2,8.71,1,-20.2,0
CUST_0218,279.79,288.16,5,9.61,0,8.37,0
CUST_0219,300.79,275.73,2,9.19,1,-25.06,0
CUST_0220,239.74,304.09,4,10.14,2,64.35,1
CUST_0221,451.36,415.73,1,13.86,0,-35.63,0
CUST_0222,197.34,206.64,3,6.89,1,9.29,0
CUST_0223,315.3,334.31,8,11.14,2,19.01,0
CUST_0224,206.95,219.36,3,7.31,2,12.41,0
CUST_0225,281.96,276.4,5,9.21,3,-5.56,0
CUST_0226,358.34,354.45,6,11.81,2,-3.89,0
CUST_0227,301.9,303.21,5,10.11,0,1.31,0
CUST_0228,250.52,246.11,4,8.2,1,-4.41,0
CUST_0229,235.32,264.23,3,8.81,1,28.92,1
CUST_0230,267.66,333.98,4,11.13,1,66.32,1
CUST_0231,280.21,263.48,0,8.78,1,-16.72,0
CUST_0232,351.92,310.82,8,10.36,1,-41.09,0
CUST_0233,304.93,302.28,2,10.08,2,-2.65,0
CUST_0234,190.03,267.42,4,8.91,2,77.39,1
CUST_0235,431.31,407.2,0,13.57,0,-24.11,0
CUST_0236,282.52,331.7,1,11.06,0,49.17,1
CUST_0237,148.41,198.74,7,6.62,1,50.33,1
CUST_0238,325.93,309.32,4,10.31,1,-16.61,0
CUST_0239,249.84,266.91,5,8.9,0,17.07,0
CUST_0240,293.77,342.62,1,11.42,1,48.85,1
CUST_0241,271.75,260.37,5,8.68,1,-11.37,0
CUST_0242,300.37,294.26,1,9.81,1,-6.11,0
CUST_0243,342.7,325.25,2,10.84,2,-17.45,0
CUST_0244,373.73,343.29,1,11.44,0,-30.44,0
CUST_0245,259.46,239.99,4,8.0,3,-19.48,0
CUST_0246,319.99,283.27,3,9.44,0,-36.72,0
CUST_0247,275.23,276.25,1,9.21,1,1.02,0
CUST_0248,290.43,267.33,3,8.91,0,-23.1,0
CUST_0249,381.26,388.27,2,12.94,0,7.01,0
CUST_0250,366.93,320.25,2,10.67,1,-46.68,0
CUST_0251,227.03,236.96,1,7.9,0,9.93,0
CUST_0252,320.89,345.89,3,11.53,0,25.01,1
CUST_0253,465.92,406.11,2,13.54,2,-59.81,0
CUST_0254,340.4,351.62,3,11.72,1,11.22,0
CUST_0255,187.2,224.03,3,7.47,1,36.83,1
CUST_0256,312.08,275.79,5,9.19,0,-36.29,0
CUST_0257,313.17,363.35,6,12.11,2,50.18,1
CUST_0258,252.05,264.62,3,8.82,1,12.57,0
CUST_0259,343.34,322.19,5,10.74,0,-21.15,0
CUST_0260,340.4,338.73,2,11.29,0,-1.67,0
CUST_0261,236.9,253.65,2,8.46,0,16.75,0
CUST_0262,294.74,297.02,4,9.9,0,2.28,0
CUST_0263,121.77,137.94,3,4.6,1,16.16,0
CUST_0264,276.4,248.78,2,8.29,0,-27.62,0
CUST_0265,282.29,287.37,1,9.58,2,5.08,0
CUST_0266,280.02,237.61,5,7.92,0,-42.41,0
CUST_0267,384.96,381.62,3,12.72,0,-3.34,0
CUST_0268,255.61,228.49,4,7.62,2,-27.12,0
CUST_0269,300.06,278.0,1,9.27,3,-22.07,0
CUST_0270,269.45,306.54,3,10.22,0,37.08,1
CUST_0271,339.32,372.06,4,12.4,2,32.74,1
CUST_0272,209.93,228.21,2,7.61,1,18.27,0
CUST_0273,390.93,358.16,2,11.94,1,-32.77,0
CUST_0274,310.0,300.51,2,10.02,2,-9.49,0
CUST_0275,214.53,250.92,4,8.36,1,36.39,1
CUST_0276,318.85,323.11,5,10.77,2,4.25,0
CUST_0277,240.37,309.95,2,10.33,1,69.58,1
CUST_0278,258.19,269.99,2,9.0,1,11.8,0
CUST_0279,297.73,303.49,4,10.12,1,5.76,0
CUST_0280,290.01,280.73,0,9.36,0,-9.27,0
CUST_0281,301.67,305.68,3,10.19,2,4.01,0
CUST_0282,337.68,333.11,0,11.1,2,-4.57,0
CUST_0283,358.06,379.3,2,12.64,0,21.24,1
CUST_0284,209.41,238.11,2,7.94,1,28.7,1
CUST_0285,430.23,406.65,1,13.56,4,-23.58,0
CUST_0286,242.33,202.4,4,6.75,1,-39.94,0
CUST_0287,347.5,292.41,5,9.75,1,-55.09,0
CUST_0288,314.18,329.42,1,10.98,1,15.24,0
CUST_0289,347.15,314.05,4,10.47,0,-33.1,0
CUST_0290,333.45,268.87,0,8.96,0,-64.59,0
CUST_0291,277.94,289.59,6,9.65,1,11.66,0
CUST_0292,200.56,275.35,5,9.18,0,74.79,1
CUST_0293,270.71,270.53,1,9.02,1,-0.18,0
CUST_0294,317.33,342.48,5,11.42,1,25.15,1
CUST_0295,315.4,317.85,1,10.6,2,2.45,0
CUST_0296,268.32,265.35,4,8.85,1,-2.97,0
CUST_0297,317.41,344.98,2,11.5,1,27.57,1
CUST_0298,324.07,315.36,1,10.51,0,-8.71,0
CUST_0299,332.62,340.64,3,11.35,2,8.02,0
CUST_0300,321.83,331.48,3,11.05,0,9.65,0
CUST_0301,278.59,258.55,6,8.62,0,-20.04,0
CUST_0302,242.23,271.99,0,9.07,2,29.76,1
CUST_0303,342.61,337.36,3,11.25,0,-5.25,0
CUST_0304,353.19,330.52,5,11.02,2,-22.67,0
CUST_0305,282.86,298.95,1,9.97,0,16.1,0
CUST_0306,332.82,305.87,3,10.2,1,-26.95,0
CUST_0307,363.04,363.88,4,12.13,0,0.85,0
CUST_0308,270.7,270.42,2,9.01,2,-0.27,0
CUST_0309,294.78,327.35,3,10.91,0,32.58,1
CUST_0310,275.65,289.89,7,9.66,0,14.24,0
CUST_0311,289.87,289.12,1,9.64,0,-0.75,0
CUST_0312,330.41,354.94,3,11.83,1,24.53,1
CUST_0313,299.56,341.27,3,11.38,2,41.71,1
CUST_0314,323.94,340.68,1,11.36,0,16.73,0
CUST_0315,364.96,365.27,1,12.18,3,0.31,0
CUST_0316,340.41,301.05,2,10.04,2,-39.36,0
CUST_0317,366.05,334.1,2,11.14,0,-31.95,0
CUST_0318,293.64,284.49,6,9.48,2,-9.16,0
CUST_0319,334.49,316.21,1,10.54,1,-18.29,0
CUST_0320,299.1,293.49,3,9.78,0,-5.61,0
CUST_0321,303.15,304.85,3,10.16,0,1.7,0
CUST_0322,313.87,329.76,4,10.99,1,15.89,0
CUST_0323,261.2,259.09,2,8.64,1,-2.11,0
CUST_0324,390.02,404.62,3,13.49,0,14.6,0
CUST_0325,247.76,249.7,4,8.32,1,1.93,0
CUST_0326,298.55,239.29,2,7.98,2,-59.26,0
CUST_0327,386.09,357.91,3,11.93,0,-28.18,0
CUST_0328,343.91,339.58,2,11.32,1,-4.32,0
CUST_0329,367.5,331.21,4,11.04,1,-36.29,0
CUST_0330,313.42,331.42,1,11.05,3,18.0,0
CUST_0331,253.47,299.39,3,9.98,1,45.92,1
CUST_0332,218.57,255.14,5,8.5,1,36.56,1
CUST_0333,310.19,303.79,2,10.13,2,-6.4,0
CUST_0334,221.42,266.14,4,8.87,2,44.72,1
CUST_0335,344.3,348.76,2,11.63,0,4.46,0
CUST_0336,302.76,292.65,1,9.75,2,-10.11,0
CUST_0337,277.13,258.73,3,8.62,2,-18.4,0
CUST_0338,293.0,283.93,4,9.46,0,-9.07,0
CUST_0339,332.29,320.65,7,10.69,2,-11.65,0
CUST_0340,266.7,271.81,4,9.06,0,5.11,0
CUST_0341,254.07,258.89,6,8.63,2,4.82,0
CUST_0342,312.09,312.18,4,10.41,1,0.09,0
CUST_0343,299.14,312.25,1,10.41,2,13.11,0
CUST_0344,238.93,274.65,1,9.16,0,35.72,1
CUST_0345,247.96,276.45,7,9.21,1,28.49,1
CUST_0346,356.15,311.6,4,10.39,1,-44.55,0
CUST_0347,304.21,227.6,3,7.59,1,-76.62,0
CUST_0348,201.6,229.63,3,7.65,2,28.03,1
CUST_0349,305.08,264.08,3,8.8,1,-41.01,0
CUST_0350,296.07,289.33,3,9.64,1,-6.74,0
CUST_0351,350.65,315.55,1,10.52,1,-35.1,0
CUST_0352,427.83,373.77,1,12.46,2,-54.06,0
CUST_0353,326.64,342.88,3,11.43,3,16.24,0
CUST_0354,269.23,292.0,0,9.73,0,22.77,1
CUST_0355,316.34,299.05,3,9.97,1,-17.3,0
CUST_0356,327.6,249.87,3,8.33,1,-77.73,0
CUST_0357,315.46,299.07,0,9.97,0,-16.39,0
CUST_0358,273.81,285.57,2,9.52,1,11.75,0
CUST_0359,360.5,316.14,1,10.54,1,-44.37,0
CUST_0360,253.14,258.64,2,8.62,0,5.5,0
CUST_0361,326.43,325.97,4,10.87,0,-0.46,0
CUST_0362,359.26,376.64,4,12.55,1,17.38,0
CUST_0363,290.97,294.56,1,9.82,1,3.59,0
CUST_0364,349.28,320.09,3,10.67,4,-29.19,0
CUST_0365,298.61,334.51,3,11.15,0,35.9,1
CUST_0366,284.69,279.94,2,9.33,0,-4.76,0
CUST_0367,312.02,311.2,2,10.37,3,-0.82,0
CUST_0368,328.63,300.63,3,10.02,2,-28.0,0
CUST_0369,318.18,304.88,2,10.16,1,-13.3,0
CUST_0370,287.89,261.35,3,8.71,1,-26.54,0
CUST_0371,306.41,301.23,2,10.04,1,-5.19,0
CUST_0372,273.55,324.9,1,10.83,2,51.35,1
CUST_0373,413.71,372.56,0,12.42,2,-41.16,0
CUST_0374,396.37,347.96,3,11.6,1,-48.41,0
CUST_0375,363.52,407.66,4,13.59,0,44.14,1
CUST_0376,267.91,261.63,4,8.72,2,-6.28,0
CUST_0377,363.69,343.62,3,11.45,3,-20.07,0
CUST_0378,277.97,309.17,3,10.31,1,31.2,1
CUST_0379,427.66,409.49,6,13.65,1,-18.17,0
CUST_0380,204.8,259.59,4,8.65,0,54.78,1
CUST_0381,237.68,258.01,4,8.6,1,20.34,1
CUST_0382,284.67,270.03,5,9.0,0,-14.64,0
CUST_0383,129.09,193.81,1,6.46,0,64.72,1
CUST_0384,291.88,273.71,4,9.12,1,-18.17,0
CUST_0385,239.78,262.04,2,8.73,1,22.26,1
CUST_0386,298.54,307.52,4,10.25,0,8.98,0
CUST_0387,278.04,317.09,5,10.57,1,39.05,1
CUST_0388,346.96,393.81,2,13.13,0,46.85,1
CUST_0389,346.56,347.52,4,11.58,0,0.96,0
CUST_0390,293.76,271.15,1,9.04,2,-22.6,0
CUST_0391,241.28,255.08,2,8.5,2,13.8,0
CUST_0392,344.93,324.6,4,10.82,0,-20.33,0
CUST_0393,173.59,233.99,1,7.8,2,60.4,1
CUST_0394,387.48,391.57,1,13.05,0,4.1,0
CUST_0395,369.93,358.97,0,11.97,0,-10.96,0
CUST_0396,271.0,276.54,3,9.22,1,5.54,0
CUST_0397,254.76,214.34,3,7.14,1,-40.41,0
CUST_0398,396.84,367.69,4,12.26,0,-29.15,0
CUST_0399,258.26,294.27,2,9.81,3,36.01,1
CUST_0400,381.6,361.89,3,12.06,0,-19.71,0
CUST_0401,251.69,220.28,6,7.34,1,-31.41,0
CUST_0402,253.93,270.03,2,9.0,1,16.1,0
CUST_0403,264.69,300.26,2,10.01,1,35.57,1
CUST_0404,280.78,302.35,2,10.08,1,21.57,1
CUST_0405,247.62,277.5,4,9.25,1,29.88,1
CUST_0406,353.85,331.14,1,11.04,1,-22.7,0
CUST_0407,289.27,246.62,4,8.22,2,-42.65,0
CUST_0408,247.84,292.88,3,9.76,1,45.04,1
CUST_0409,315.7,306.01,3,10.2,2,-9.68,0
CUST_0410,333.25,325.72,5,10.86,0,-7.52,0
CUST_0411,295.73,335.58,3,11.19,0,39.85,1
CUST_0412,227.08,243.77,1,8.13,1,16.69,0
CUST_0413,209.62,223.29,1,7.44,1,13.68,0
CUST_0414,298.93,363.88,3,12.13,1,64.95,1
CUST_0415,335.92,316.62,5,10.55,1,-19.31,0
CUST_0416,234.74,262.58,4,8.75,1,27.84,1
CUST_0417,375.85,377.56,2,12.59,0,1.71,0
CUST_0418,297.73,305.78,7,10.19,0,8.06,0
CUST_0419,313.11,358.96,0,11.97,1,45.85,1
CUST_0420,288.14,303.38,4,10.11,1,15.24,0
CUST_0421,386.89,403.04,2,13.43,3,16.15,0
CUST_0422,355.59,387.77,3,12.93,0,32.18,1
CUST_0423,298.5,287.55,1,9.59,0,-10.95,0
CUST_0424,373.75,348.58,3,11.62,0,-25.18,0
CUST_0425,363.61,332.27,1,11.08,1,-31.34,0
CUST_0426,427.42,368.43,3,12.28,2,-58.99,0
CUST_0427,190.07,251.75,6,8.39,1,61.69,1
CUST_0428,367.4,334.3,3,11.14,0,-33.1,0
CUST_0429,359.56,352.92,2,11.76,1,-6.64,0
CUST_0430,220.37,212.06,1,7.07,2,-8.3,0
CUST_0431,231.61,240.84,4,8.03,0,9.22,0
CUST_0432,173.57,198.04,4,6.6,1,24.47,1
CUST_0433,260.72,286.53,3,9.55,0,25.81,1
CUST_0434,353.37,335.88,1,11.2,3,-17.49,0
CUST_0435,380.13,375.12,4,12.5,2,-5.01,0
CUST_0436,295.23,303.7,2,10.12,2,8.48,0
CUST_0437,388.89,381.43,4,12.71,1,-7.46,0
CUST_0438,182.77,230.99,1,7.7,1,48.22,1
CUST_0439,200.1,214.83,5,7.16,3,14.73,0
CUST_0440,275.18,297.22,3,9.91,1,22.05,1
CUST_0441,299.32,319.2,1,10.64,0,19.89,0
CUST_0442,263.16,298.37,2,9.95,1,35.2,1
CUST_0443,191.2,196.63,1,6.55,1,5.43,0
CUST_0444,334.45,295.54,5,9.85,1,-38.9,0
CUST_0445,222.79,234.78,1,7.83,3,11.99,0
CUST_0446,353.02,333.48,3,11.12,0,-19.54,0
CUST_0447,334.19,318.33,2,10.61,1,-15.86,0
CUST_0448,235.42,253.01,3,8.43,1,17.59,0
CUST_0449,237.16,274.31,2,9.14,0,37.15,1
CUST_0450,246.4,247.04,5,8.23,2,0.64,0
CUST_0451,287.6,296.87,4,9.9,0,9.26,0
CUST_0452,296.69,347.76,5,11.59,0,51.07,1
CUST_0453,243.49,250.71,2,8.36,2,7.22,0
CUST_0454,247.15,325.2,3,10.84,0,78.05,1
CUST_0455,256.52,273.49,2,9.12,2,16.97,0
CUST_0456,313.18,260.36,1,8.68,0,-52.82,0
CUST_0457,272.05,294.65,3,9.82,0,22.6,1
CUST_0458,236.8,248.24,1,8.27,2,11.43,0
CUST_0459,233.62,272.32,7,9.08,1,38.69,1
CUST_0460,219.91,240.11,6,8.0,1,20.2,1
CUST_0461,402.39,398.24,3,13.27,2,-4.15,0
CUST_0462,338.49,301.76,4,10.06,0,-36.73,0
CUST_0463,271.28,265.01,1,8.83,0,-6.27,0
CUST_0464,336.21,310.7,1,10.36,0,-25.52,0
CUST_0465,311.8,294.38,2,9.81,1,-17.42,0
CUST_0466,271.29,288.95,3,9.63,1,17.66,0
CUST_0467,280.61,330.71,3,11.02,1,50.1,1
CUST_0468,326.04,337.88,1,11.26,0,11.84,0
CUST_0469,309.35,273.47,4,9.12,0,-35.88,0
CUST_0470,257.87,271.21,1,9.04,0,13.34,0
CUST_0471,250.35,286.25,3,9.54,2,35.9,1
CUST_0472,203.2,184.9,3,6.16,1,-18.29,0
CUST_0473,228.26,224.24,1,7.47,0,-4.02,0
CUST_0474,367.9,368.34,2,12.28,0,0.44,0
CUST_0475,405.8,382.25,4,12.74,1,-23.55,0
CUST_0476,268.1,287.55,2,9.58,0,19.45,0
CUST_0477,332.46,328.83,0,10.96,0,-3.63,0
CUST_0478,302.98,315.56,4,10.52,0,12.59,0
CUST_0479,480.57,453.94,0,15.13,1,-26.62,0
CUST_0480,369.1,355.98,2,11.87,0,-13.12,0
CUST_0481,271.93,293.6,5,9.79,1,21.67,1
CUST_0482,263.41,252.22,1,8.41,2,-11.18,0
CUST_0483,167.87,219.68,5,7.32,1,51.81,1
CUST_0484,322.16,310.17,4,10.34,1,-11.99,0
CUST_0485,255.44,262.18,4,8.74,0,6.74,0
CUST_0486,200.91,228.89,3,7.63,3,27.98,1
CUST_0487,310.22,267.67,6,8.92,1,-42.55,0
CUST_0488,298.75,245.92,2,8.2,0,-52.82,0
CUST_0489,430.13,384.36,4,12.81,1,-45.77,0
CUST_0490,306.2,344.08,2,11.47,1,37.88,1
CUST_0491,316.16,299.6,5,9.99,1,-16.56,0
CUST_0492,297.25,374.0,3,12.47,2,76.75,1
CUST_0493,320.8,303.87,3,10.13,0,-16.93,0
CUST_0494,251.4,256.94,3,8.56,1,5.54,0
CUST_0495,329.89,376.16,1,12.54,2,46.26,1
CUST_0496,266.76,326.95,3,10.9,1,60.18,1
CUST_0497,186.29,248.14,6,8.27,0,61.85,1
CUST_0498,254.23,290.48,3,9.68,2,36.25,1
CUST_0499,225.5,256.22,1,8.54,0,30.72,1
CUST_0500,213.08,230.86,3,7.7,1,17.78,0
CUST_0501,322.96,346.31,3,11.54,1,23.35,1
CUST_0502,412.01,395.47,2,13.18,2,-16.54,0
CUST_0503,254.62,230.07,3,7.67,1,-24.55,0
CUST_0504,328.25,328.15,0,10.94,1,-0.1,0
CUST_0505,272.57,267.47,8,8.92,2,-5.11,0
CUST_0506,289.24,275.64,1,9.19,0,-13.6,0
CUST_0507,249.49,270.38,1,9.01,1,20.89,1
CUST_0508,228.14,256.8,3,8.56,1,28.66,1
CUST_0509,299.77,302.43,2,10.08,1,2.65,0
CUST_0510,214.13,258.45,2,8.62,0,44.33,1
CUST_0511,347.77,313.52,3,10.45,2,-34.25,0
CUST_0512,303.3,297.49,4,9.92,0,-5.81,0
CUST_0513,309.56,288.05,3,9.6,4,-21.5,0
CUST_0514,310.62,254.62,7,8.49,0,-56.0,0
CUST_0515,273.64,271.16,3,9.04,2,-2.48,0
CUST_0516,341.42,337.77,3,11.26,0,-3.65,0
CUST_0517,279.64,325.05,3,10.83,1,45.4,1
CUST_0518,232.2,251.12,5,8.37,1,18.92,0
CUST_0519,335.69,304.97,5,10.17,2,-30.73,0
CUST_0520,281.95,337.57,4,11.25,1,55.62,1
CUST_0521,179.9,216.53,4,7.22,1,36.63,1
CUST_0522,309.71,327.17,2,10.91,0,17.46,0
CUST_0523,273.66,266.87,6,8.9,0,-6.79,0
CUST_0524,357.31,328.53,3,10.95,0,-28.78,0
CUST_0525,273.0,261.84,2,8.73,0,-11.17,0
CUST_0526,177.09,209.76,6,6.99,2,32.66,1
CUST_0527,162.09,218.62,4,7.29,1,56.54,1
CUST_0528,256.11,302.4,3,10.08,1,46.3,1
CUST_0529,327.65,312.99,3,10.43,0,-14.67,0
CUST_0530,288.37,254.78,6,8.49,0,-33.59,0
CUST_0531,327.7,331.93,4,11.06,2,4.23,0
CUST_0532,269.98,216.92,2,7.23,0,-53.05,0
CUST_0533,287.0,296.7,1,9.89,1,9.7,0
CUST_0534,243.88,239.45,3,7.98,3,-4.43,0
CUST_0535,281.39,267.41,4,8.91,1,-13.98,0
CUST_0536,350.21,302.37,5,10.08,1,-47.84,0
CUST_0537,241.57,256.98,6,8.57,0,15.41,0
CUST_0538,296.75,280.77,2,9.36,1,-15.98,0
CUST_0539,385.41,350.31,4,11.68,3,-35.1,0
CUST_0540,357.32,271.16,4,9.04,1,-86.17,0
CUST_0541,342.61,341.78,0,11.39,2,-0.83,0
CUST_0542,190.35,243.51,4,8.12,1,53.17,1
CUST_0543,276.65,326.49,5,10.88,0,49.84,1
CUST_0544,385.79,372.08,2,12.4,1,-13.71,0
CUST_0545,194.48,176.42,5,5.88,1,-18.07,0
CUST_0546,246.09,260.16,4,8.67,0,14.06,0
CUST_0547,358.81,328.85,5,10.96,3,-29.95,0
CUST_0548,280.79,289.85,2,9.66,1,9.05,0
CUST_0549,295.57,318.56,2,10.62,0,22.98,1
CUST_0550,232.99,269.8,0,8.99,0,36.81,1
CUST_0551,307.33,304.33,4,10.14,1,-3.0,0
CUST_0552,298.33,292.22,1,9.74,1,-6.11,0
CUST_0553,384.73,358.39,2,11.95,1,-26.34,0
CUST_0554,337.53,312.72,3,10.42,0,-24.81,0
CUST_0555,323.67,316.88,2,10.56,3,-6.79,0
CUST_0556,268.39,279.41,2,9.31,1,11.02,0
CUST_0557,248.21,275.62,1,9.19,0,27.41,1
CUST_0558,302.47,278.37,3,9.28,1,-24.1,0
CUST_0559,274.94,319.72,4,10.66,1,44.78,1
CUST_0560,287.08,278.95,6,9.3,2,-8.13,0
CUST_0561,315.13,314.49,3,10.48,1,-0.64,0
CUST_0562,426.19,403.77,2,13.46,1,-22.42,0
CUST_0563,416.28,343.56,3,11.45,0,-72.73,0
CUST_0564,257.18,283.7,1,9.46,0,26.52,1
CUST_0565,337.96,360.06,2,12.0,0,22.11,1
CUST_0566,288.04,279.6,1,9.32,1,-8.44,0
CUST_0567,196.08,198.09,3,6.6,0,2.01,0
CUST_0568,234.12,249.6,4,8.32,1,15.48,0
CUST_0569,253.34,206.46,2,6.88,2,-46.88,0
CUST_0570,298.3,282.42,2,9.41,2,-15.87,0
CUST_0571,277.09,300.92,3,10.03,1,23.83,1
CUST_0572,421.45,383.82,2,12.79,2,-37.63,0
CUST_0573,307.54,316.35,2,10.54,2,8.81,0
CUST_0574,329.74,289.04,3,9.63,1,-40.7,0
CUST_0575,327.48,341.47,1,11.38,2,13.99,0
CUST_0576,190.51,189.44,6,6.31,0,-1.07,0
CUST_0577,360.23,311.78,2,10.39,1,-48.45,0
CUST_0578,303.6,338.54,2,11.28,0,34.94,1
CUST_0579,248.11,226.07,2,7.54,1,-22.04,0
CUST_0580,381.5,357.19,4,11.91,1,-24.31,0
CUST_0581,310.91,316.92,1,10.56,0,6.02,0
CUST_0582,244.78,279.24,2,9.31,1,34.46,1
CUST_0583,362.11,331.64,4,11.05,0,-30.47,0
CUST_0584,411.68,413.53,3,13.78,0,1.85,0
CUST_0585,296.23,309.09,3,10.3,1,12.86,0
CUST_0586,291.62,312.41,3,10.41,0,20.79,1
CUST_0587,271.74,277.03,6,9.23,0,5.29,0
CUST_0588,268.52,257.51,3,8.58,3,-11.01,0
CUST_0589,366.34,341.52,3,11.38,1,-24.83,0
CUST_0590,254.61,257.2,1,8.57,1,2.58,0
CUST_0591,335.74,303.58,2,10.12,2,-32.16,0
CUST_0592,363.76,276.12,4,9.2,0,-87.64,0
CUST_0593,310.85,323.95,3,10.8,0,13.1,0
CUST_0594,289.57,316.68,3,10.56,3,27.12,1
CUST_0595,422.76,351.88,2,11.73,3,-70.89,0
CUST_0596,304.79,274.5,3,9.15,1,-30.29,0
CUST_0597,267.93,286.51,1,9.55,2,18.57,0
CUST_0598,189.34,251.06,2,8.37,0,61.72,1
CUST_0599,277.16,277.79,2,9.26,2,0.62,0
CUST_0600,340.71,318.87,3,10.63,1,-21.84,0
CUST_0601,343.34,337.85,5,11.26,2,-5.49,0
CUST_0602,212.65,253.89,3,8.46,0,41.25,1
CUST_0603,362.86,343.48,6,11.45,1,-19.38,0
CUST_0604,391.76,367.78,2,12.26,1,-23.98,0
CUST_0605,335.15,320.67,5,10.69,3,-14.48,0
CUST_0606,422.44,393.84,6,13.13,1,-28.6,0
CUST_0607,257.63,261.31,6,8.71,0,3.68,0
CUST_0608,189.03,237.77,3,7.93,3,48.74,1
CUST_0609,201.37,211.06,4,7.04,0,9.69,0
CUST_0610,382.37,374.8,3,12.49,0,-7.57,0
CUST_0611,341.47,332.72,2,11.09,2,-8.75,0
CUST_0612,344.12,297.22,5,9.91,1,-46.9,0
CUST_0613,287.51,314.0,4,10.47,0,26.49,1
CUST_0614,246.06,243.73,2,8.12,0,-2.34,0
CUST_0615,427.7,422.29,0,14.08,1,-5.41,0
CUST_0616,210.67,306.46,0,10.22,1,95.79,1
CUST_0617,296.51,305.47,5,10.18,3,8.96,0
CUST_0618,358.84,336.29,6,11.21,1,-22.55,0
CUST_0619,336.84,324.05,1,10.8,2,-12.79,0
CUST_0620,276.74,311.19,2,10.37,0,34.45,1
CUST_0621,257.08,260.48,5,8.68,2,3.4,0
CUST_0622,366.72,323.57,4,10.79,1,-43.15,0
CUST_0623,366.52,394.1,3,13.14,0,27.58,1
CUST_0624,387.32,367.27,2,12.24,1,-20.04,0
CUST_0625,323.46,379.66,0,12.66,2,56.2,1
CUST_0626,242.04,274.44,4,9.15,1,32.4,1
CUST_0627,263.94,250.52,5,8.35,1,-13.42,0
CUST_0628,255.28,293.71,2,9.79,1,38.43,1
CUST_0629,300.75,302.79,3,10.09,1,2.04,0
CUST_0630,329.13,354.71,7,11.82,0,25.58,1
CUST_0631,200.83,215.38,5,7.18,1,14.54,0
CUST_0632,401.87,376.48,3,12.55,1,-25.39,0
CUST_0633,311.41,292.1,1,9.74,1,-19.31,0
CUST_0634,247.76,278.66,3,9.29,1,30.9,1
CUST_0635,259.44,249.39,4,8.31,1,-10.04,0
CUST_0636,229.37,217.26,1,7.24,2,-12.11,0
CUST_0637,369.81,341.16,3,11.37,1,-28.65,0
CUST_0638,290.96,303.67,3,10.12,1,12.71,0
CUST_0639,173.63,235.5,4,7.85,2,61.88,1
CUST_0640,267.27,235.25,1,7.84,1,-32.03,0
CUST_0641,282.48,283.21,2,9.44,1,0.73,0
CUST_0642,341.08,383.45,3,12.78,1,42.37,1
CUST_0643,289.41,287.02,2,9.57,0,-2.39,0
CUST_0644,211.27,224.84,1,7.49,0,13.57,0
CUST_0645,319.58,287.71,1,9.59,0,-31.87,0
CUST_0646,273.51,286.36,3,9.55,0,12.85,0
CUST_0647,170.77,165.16,0,5.51,3,-5.61,0
CUST_0648,267.71,297.29,3,9.91,0,29.57,1
CUST_0649,252.83,288.45,1,9.62,1,35.62,1
CUST_0650,257.12,334.81,1,11.16,2,77.69,1
CUST_0651,375.06,392.45,7,13.08,1,17.39,0
CUST_0652,346.55,356.33,3,11.88,1,9.77,0
CUST_0653,280.72,286.56,2,9.55,0,5.83,0
CUST_0654,255.27,244.67,4,8.16,1,-10.59,0
CUST_0655,418.51,428.67,4,14.29,1,10.15,0
CUST_0656,311.82,302.96,0,10.1,1,-8.86,0
CUST_0657,295.64,300.7,3,10.02,0,5.05,0
CUST_0658,259.27,298.79,3,9.96,0,39.53,1
CUST_0659,340.1,309.9,7,10.33,0,-30.2,0
CUST_0660,258.59,292.78,3,9.76,0,34.2,1
CUST_0661,231.8,271.32,2,9.04,1,39.51,1
CUST_0662,276.2,272.66,4,9.09,0,-3.54,0
CUST_0663,362.02,298.36,2,9.95,0,-63.66,0
CUST_0664,291.06,272.83,2,9.09,2,-18.23,0
CUST_0665,225.45,264.36,3,8.81,0,38.91,1
CUST_0666,306.01,305.32,0,10.18,0,-0.69,0
CUST_0667,317.23,287.25,0,9.58,0,-29.98,0
CUST_0668,390.34,375.2,3,12.51,0,-15.14,0
CUST_0669,142.23,167.45,4,5.58,1,25.22,1
CUST_0670,338.17,354.58,6,11.82,1,16.4,0
CUST_0671,369.47,362.3,4,12.08,3,-7.17,0
CUST_0672,207.34,196.33,2,6.54,1,-11.0,0
CUST_0673,294.62,282.87,2,9.43,1,-11.75,0
CUST_0674,309.1,281.43,8,9.38,2,-27.67,0
CUST_0675,181.16,229.62,4,7.65,1,48.46,1
CUST_0676,270.78,261.11,3,8.7,0,-9.67,0
CUST_0677,207.96,244.47,1,8.15,1,36.51,1
CUST_0678,341.97,387.61,2,12.92,1,45.64,1
CUST_0679,316.83,346.78,1,11.56,1,29.95,1
CUST_0680,376.53,363.58,3,12.12,1,-12.95,0
CUST_0681,323.97,336.08,4,11.2,2,12.11,0
CUST_0682,244.27,243.55,0,8.12,0,-0.73,0
CUST_0683,300.89,273.77,2,9.13,2,-27.11,0
CUST_0684,314.74,324.47,5,10.82,2,9.73,0
CUST_0685,274.26,238.89,5,7.96,0,-35.37,0
CUST_0686,300.02,335.65,3,11.19,0,35.63,1
CUST_0687,301.92,287.98,1,9.6,2,-13.94,0
CUST_0688,275.22,281.26,3,9.38,1,6.03,0
CUST_0689,327.05,335.55,2,11.18,1,8.5,0
CUST_0690,329.98,322.21,5,10.74,0,-7.77,0
CUST_0691,264.35,281.95,1,9.4,0,17.6,0
CUST_0692,372.21,357.97,3,11.93,0,-14.25,0
CUST_0693,219.81,245.95,3,8.2,0,26.14,1
CUST_0694,371.18,330.8,4,11.03,0,-40.38,0
CUST_0695,325.86,329.66,2,10.99,1,3.79,0
CUST_0696,226.35,284.52,2,9.48,1,58.17,1
CUST_0697,346.32,316.31,1,10.54,0,-30.01,0
CUST_0698,257.78,237.44,0,7.91,0,-20.33,0
CUST_0699,330.78,346.2,2,11.54,0,15.42,0
CUST_0700,285.37,290.75,2,9.69,1,5.39,0
CUST_0701,263.34,273.86,1,9.13,3,10.52,0
CUST_0702,337.77,352.45,5,11.75,1,14.68,0
CUST_0703,245.74,264.78,7,8.83,1,19.04,0
CUST_0704,196.29,229.58,2,7.65,0,33.29,1
CUST_0705,209.87,222.17,2,7.41,1,12.29,0
CUST_0706,337.54,330.3,2,11.01,1,-7.24,0
CUST_0707,215.8,235.98,1,7.87,1,20.18,1
CUST_0708,330.74,387.74,2,12.92,1,57.0,1
CUST_0709,199.88,195.9,2,6.53,1,-3.98,0
CUST_0710,414.06,384.82,5,12.83,2,-29.24,0
CUST_0711,277.34,310.55,0,10.35,2,33.21,1
CUST_0712,298.78,295.16,3,9.84,1,-3.61,0
CUST_0713,337.93,272.75,2,9.09,2,-65.18,0
CUST_0714,294.53,319.96,5,10.67,0,25.42,1
CUST_0715,314.18,298.12,3,9.94,1,-16.06,0
CUST_0716,357.88,355.17,5,11.84,1,-2.72,0
CUST_0717,295.75,305.71,6,10.19,1,9.96,0
CUST_0718,301.8,307.52,3,10.25,2,5.71,0
CUST_0719,260.54,281.82,5,9.39,1,21.28,1
CUST_0720,310.22,297.15,2,9.91,0,-13.06,0
CUST_0721,300.0,315.39,0,10.51,0,15.39,0
CUST_0722,222.28,214.49,6,7.15,1,-7.79,0
CUST_0723,210.43,232.59,5,7.75,0,22.16,1
CUST_0724,318.7,337.16,3,11.24,1,18.46,0
CUST_0725,336.61,308.54,6,10.28,1,-28.06,0
CUST_0726,258.22,290.8,3,9.69,0,32.58,1
CUST_0727,317.0,300.92,1,10.03,1,-16.08,0
CUST_0728,293.14,317.38,0,10.58,3,24.24,1
CUST_0729,261.99,273.01,2,9.1,3,11.02,0
CUST_0730,205.94,261.08,2,8.7,0,55.15,1
CUST_0731,316.5,309.79,4,10.33,0,-6.7,0
CUST_0732,261.56,251.08,5,8.37,1,-10.48,0
CUST_0733,321.0,320.41,1,10.68,0,-0.58,0
CUST_0734,223.97,214.87,4,7.16,1,-9.1,0
CUST_0735,327.46,351.46,3,11.72,2,24.0,1
CUST_0736,372.12,323.63,2,10.79,1,-48.49,0
CUST_0737,344.41,312.8,3,10.43,3,-31.61,0
CUST_0738,381.17,349.13,2,11.64,1,-32.03,0
CUST_0739,354.76,383.27,3,12.78,1,28.51,1
CUST_0740,299.4,350.72,5,11.69,2,51.32,1
CUST_0741,211.09,207.96,2,6.93,1,-3.13,0
CUST_0742,241.09,236.02,5,7.87,0,-5.06,0
CUST_0743,266.66,268.76,1,8.96,1,2.1,0
CUST_0744,266.45,301.3,0,10.04,0,34.86,1
CUST_0745,353.7,325.88,4,10.86,1,-27.82,0
CUST_0746,256.56,263.71,6,8.79,0,7.15,0
CUST_0747,280.08,309.34,4,10.31,0,29.26,1
CUST_0748,247.2,262.23,3,8.74,0,15.03,0
CUST_0749,263.74,269.42,5,8.98,3,5.69,0
CUST_0750,199.64,229.67,2,7.66,0,30.03,1
CUST_0751,334.94,253.84,2,8.46,2,-81.1,0
CUST_0752,212.08,232.42,2,7.75,3,20.34,1
CUST_0753,270.83,251.21,4,8.37,0,-19.62,0
CUST_0754,407.6,352.68,3,11.76,0,-54.92,0
CUST_0755,237.19,252.53,5,8.42,1,15.34,0
CUST_0756,390.41,431.62,2,14.39,1,41.21,1
CUST_0757,328.79,324.67,2,10.82,1,-4.12,0
CUST_0758,280.66,309.24,3,10.31,3,28.59,1
CUST_0759,208.71,257.08,3,8.57,0,48.37,1
CUST_0760,295.57,335.02,4,11.17,0,39.45,1
CUST_0761,222.02,271.22,1,9.04,0,49.2,1
CUST_0762,283.84,306.1,0,10.2,0,22.26,1
CUST_0763,425.74,428.0,1,14.27,0,2.26,0
CUST_0764,343.26,295.2,4,9.84,2,-48.06,0
CUST_0765,364.85,357.46,3,11.92,2,-7.38,0
CUST_0766,290.14,264.84,4,8.83,2,-25.3,0
CUST_0767,233.12,298.25,1,9.94,1,65.13,1
CUST_0768,393.82,388.54,5,12.95,1,-5.28,0
CUST_0769,264.96,268.65,3,8.96,2,3.7,0
CUST_0770,374.08,390.62,4,13.02,0,16.54,0
CUST_0771,334.08,335.39,4,11.18,2,1.31,0
CUST_0772,221.03,271.88,4,9.06,1,50.85,1
CUST_0773,350.3,331.62,1,11.05,3,-18.68,0
CUST_0774,342.79,348.63,4,11.62,1,5.84,0
CUST_0775,353.36,331.09,3,11.04,1,-22.27,0
CUST_0776,261.09,221.49,2,7.38,0,-39.6,0
CUST_0777,282.0,263.64,5,8.79,2,-18.35,0
CUST_0778,288.74,287.62,4,9.59,1,-1.11,0
CUST_0779,309.16,296.28,3,9.88,0,-12.88,0
CUST_0780,351.81,331.03,4,11.03,1,-20.77,0
CUST_0781,351.07,308.89,4,10.3,0,-42.19,0
CUST_0782,235.73,233.23,3,7.77,1,-2.49,0
CUST_0783,364.15,319.01,1,10.63,2,-45.14,0
CUST_0784,307.73,330.53,2,11.02,0,22.8,1
CUST_0785,325.52,327.99,0,10.93,1,2.47,0
CUST_0786,397.77,354.04,4,11.8,0,-43.73,0
CUST_0787,350.97,341.7,1,11.39,1,-9.28,0
CUST_0788,345.52,322.96,5,10.77,1,-22.56,0
CUST_0789,286.92,296.49,1,9.88,0,9.58,0
CUST_0790,176.74,216.95,4,7.23,0,40.21,1
CUST_0791,377.74,321.48,1,10.72,3,-56.26,0
CUST_0792,306.93,310.38,6,10.35,0,3.45,0
CUST_0793,318.38,313.58,4,10.45,0,-4.8,0
CUST_0794,216.02,236.16,1,7.87,1,20.14,1
CUST_0795,239.55,245.95,3,8.2,1,6.4,0
CUST_0796,375.22,352.66,3,11.76,1,-22.56,0
CUST_0797,307.59,298.02,4,9.93,1,-9.57,0
CUST_0798,357.96,334.08,2,11.14,1,-23.88,0
CUST_0799,269.14,301.42,4,10.05,1,32.28,1
CUST_0800,300.85,301.49,3,10.05,1,0.64,0
CUST_0801,289.88,346.91,3,11.56,3,57.04,1
CUST_0802,276.02,274.2,2,9.14,1,-1.82,0
CUST_0803,326.06,304.81,4,10.16,1,-21.25,0
CUST_0804,322.3,276.89,3,9.23,0,-45.41,0
CUST_0805,332.37,278.28,1,9.28,0,-54.09,0
CUST_0806,332.07,284.54,1,9.48,0,-47.52,0
CUST_0807,303.09,311.11,2,10.37,0,8.01,0
CUST_0808,260.8,276.06,2,9.2,3,15.26,0
CUST_0809,410.22,362.79,1,12.09,0,-47.44,0
CUST_0810,228.42,255.27,6,8.51,2,26.85,1
CUST_0811,305.15,290.66,2,9.69,2,-14.49,0
CUST_0812,273.61,278.01,5,9.27,1,4.4,0
CUST_0813,323.98,372.35,7,12.41,0,48.37,1
CUST_0814,282.92,309.83,5,10.33,1,26.91,1
CUST_0815,359.65,351.59,4,11.72,2,-8.06,0
CUST_0816,252.46,225.72,3,7.52,0,-26.74,0
CUST_0817,377.91,313.35,4,10.45,2,-64.55,0
CUST_0818,366.06,344.48,1,11.48,1,-21.57,0
CUST_0819,310.45,304.11,2,10.14,2,-6.33,0
CUST_0820,382.89,353.27,4,11.78,2,-29.62,0
CUST_0821,278.07,274.14,1,9.14,0,-3.94,0
CUST_0822,368.16,370.47,4,12.35,1,2.31,0
CUST_0823,421.69,414.94,6,13.83,0,-6.75,0
CUST_0824,301.36,281.86,3,9.4,1,-19.5,0
CUST_0825,272.67,277.72,1,9.26,1,5.06,0
CUST_0826,359.41,372.67,2,12.42,1,13.26,0
CUST_0827,411.69,378.98,4,12.63,0,-32.71,0
CUST_0828,231.53,273.86,3,9.13,0,42.33,1
CUST_0829,281.95,278.99,1,9.3,2,-2.96,0
CUST_0830,285.35,285.91,7,9.53,3,0.57,0
CUST_0831,211.53,232.78,2,7.76,1,21.25,1
CUST_0832,247.07,254.07,5,8.47,2,7.0,0
CUST_0833,221.2,249.79,6,8.33,0,28.59,1
CUST_0834,253.0,261.61,1,8.72,0,8.61,0
CUST_0835,316.64,298.27,0,9.94,2,-18.37,0
CUST_0836,300.87,311.71,2,10.39,1,10.85,0
CUST_0837,411.84,377.53,3,12.58,0,-34.31,0
CUST_0838,246.83,250.08,5,8.34,1,3.26,0
CUST_0839,350.21,349.22,0,11.64,0,-1.0,0
CUST_0840,295.54,289.3,0,9.64,2,-6.24,0
CUST_0841,301.38,297.53,3,9.92,2,-3.86,0
CUST_0842,390.2,333.74,4,11.12,1,-56.46,0
CUST_0843,260.33,243.86,3,8.13,1,-16.46,0
CUST_0844,316.34,319.12,4,10.64,1,2.79,0
CUST_0845,303.53,308.32,3,10.28,1,4.8,0
CUST_0846,355.45,324.62,5,10.82,1,-30.83,0
CUST_0847,276.49,314.46,6,10.48,0,37.97,1
CUST_0848,448.75,422.77,3,14.09,1,-25.99,0
CUST_0849,239.03,268.11,4,8.94,0,29.08,1
CUST_0850,260.63,273.45,1,9.12,2,12.82,0
CUST_0851,288.23,268.84,3,8.96,0,-19.39,0
CUST_0852,218.97,272.23,3,9.07,1,53.26,1
CUST_0853,303.94,268.13,2,8.94,0,-35.81,0
CUST_0854,331.88,359.45,4,11.98,1,27.57,1
CUST_0855,341.01,371.03,3,12.37,0,30.02,1
CUST_0856,291.58,271.46,5,9.05,0,-20.12,0
CUST_0857,216.61,258.38,3,8.61,0,41.77,1
CUST_0858,331.07,323.57,3,10.79,0,-7.5,0
CUST_0859,263.73,272.39,2,9.08,1,8.66,0
CUST_0860,323.84,331.65,0,11.05,0,7.81,0
CUST_0861,314.18,310.15,4,10.34,0,-4.03,0
CUST_0862,199.89,224.21,3,7.47,2,24.32,1
CUST_0863,353.57,377.38,2,12.58,1,23.8,1
CUST_0864,442.25,389.79,4,12.99,0,-52.46,0
CUST_0865,230.23,269.36,6,8.98,0,39.13,1
CUST_0866,330.49,280.61,4,9.35,1,-49.87,0
CUST_0867,283.32,314.29,4,10.48,1,30.98,1
CUST_0868,282.92,316.72,2,10.56,1,33.8,1
CUST_0869,365.66,332.93,1,11.1,0,-32.73,0
CUST_0870,412.83,400.51,1,13.35,2,-12.32,0
CUST_0871,324.32,291.15,1,9.71,1,-33.17,0
CUST_0872,266.53,260.09,4,8.67,0,-6.45,0
CUST_0873,240.28,231.03,3,7.7,0,-9.24,0
CUST_0874,240.06,263.45,4,8.78,0,23.39,1
CUST_0875,259.03,298.34,4,9.94,0,39.31,1
CUST_0876,347.86,389.73,2,12.99,0,41.87,1
CUST_0877,290.98,274.12,6,9.14,1,-16.87,0
CUST_0878,317.47,311.19,3,10.37,1,-6.28,0
CUST_0879,349.68,299.18,1,9.97,1,-50.5,0
CUST_0880,383.6,359.42,3,11.98,0,-24.18,0
CUST_0881,397.4,426.35,2,14.21,0,28.95,1
CUST_0882,224.99,273.46,2,9.12,2,48.47,1
CUST_0883,312.56,275.53,3,9.18,0,-37.03,0
CUST_0884,369.98,352.21,3,11.74,1,-17.77,0
CUST_0885,334.89,334.09,3,11.14,1,-0.79,0
CUST_0886,383.93,392.34,3,13.08,0,8.4,0
CUST_0887,353.48,329.2,6,10.97,1,-24.29,0
CUST_0888,269.31,282.04,6,9.4,0,12.72,0
CUST_0889,343.75,329.53,3,10.98,1,-14.22,0
CUST_0890,355.87,355.44,3,11.85,1,-0.43,0
CUST_0891,324.64,341.02,3,11.37,2,16.39,0
CUST_0892,325.17,325.36,2,10.85,1,0.19,0
CUST_0893,366.43,353.33,3,11.78,2,-13.09,0
CUST_0894,361.75,358.46,3,11.95,1,-3.29,0
CUST_0895,371.76,369.11,3,12.3,1,-2.65,0
CUST_0896,343.54,332.44,1,11.08,5,-11.1,0
CUST_0897,299.41,291.64,4,9.72,1,-7.76,0
CUST_0898,259.38,307.34,1,10.24,1,47.96,1
CUST_0899,343.5,360.33,4,12.01,3,16.83,0
CUST_0900,268.02,259.15,2,8.64,0,-8.86,0
CUST_0901,297.53,318.43,2,10.61,1,20.91,1
CUST_0902,290.35,280.33,5,9.34,1,-10.01,0
CUST_0903,266.24,301.44,4,10.05,1,35.19,1
CUST_0904,352.83,363.92,1,12.13,2,11.09,0
CUST_0905,312.77,309.55,1,10.32,0,-3.22,0
CUST_0906,288.89,302.32,5,10.08,0,13.43,0
CUST_0907,279.13,232.01,3,7.73,1,-47.13,0
CUST_0908,371.12,337.31,1,11.24,2,-33.8,0
CUST_0909,368.09,332.27,1,11.08,1,-35.82,0
CUST_0910,403.87,408.16,5,13.61,0,4.29,0
CUST_0911,232.64,284.61,4,9.49,2,51.98,1
CUST_0912,244.02,310.96,4,10.37,2,66.94,1
CUST_0913,293.33,312.47,1,10.42,0,19.14,0
CUST_0914,363.85,378.87,0,12.63,0,15.03,0
CUST_0915,349.27,295.24,4,9.84,2,-54.03,0
CUST_0916,330.23,313.95,2,10.47,0,-16.28,0
CUST_0917,354.03,330.39,4,11.01,0,-23.63,0
CUST_0918,327.96,309.33,1,10.31,3,-18.63,0
CUST_0919,282.72,277.68,1,9.26,0,-5.04,0
CUST_0920,323.87,309.7,4,10.32,2,-14.16,0
CUST_0921,413.06,353.68,2,11.79,1,-59.38,0
CUST_0922,226.24,248.67,1,8.29,0,22.44,1
CUST_0923,338.83,306.65,1,10.22,0,-32.18,0
CUST_0924,257.82,264.99,3,8.83,0,7.18,0
CUST_0925,297.53,359.75,4,11.99,0,62.22,1
CUST_0926,251.42,223.84,2,7.46,1,-27.58,0
CUST_0927,347.96,272.05,2,9.07,1,-75.91,0
CUST_0928,327.44,318.86,4,10.63,0,-8.58,0
CUST_0929,345.25,378.28,3,12.61,1,33.03,1
CUST_0930,237.96,296.71,1,9.89,0,58.75,1
CUST_0931,309.13,272.24,1,9.07,3,-36.89,0
CUST_0932,379.16,394.06,3,13.14,0,14.9,0
CUST_0933,241.56,227.6,2,7.59,1,-13.96,0
CUST_0934,193.24,190.06,3,6.34,1,-3.18,0
CUST_0935,242.67,322.0,2,10.73,1,79.33,1
CUST_0936,319.99,274.9,6,9.16,2,-45.09,0
CUST_0937,241.33,248.94,7,8.3,3,7.61,0
CUST_0938,321.39,335.42,4,11.18,1,14.03,0
CUST_0939,279.62,312.19,2,10.41,2,32.57,1
CUST_0940,268.86,271.8,2,9.06,2,2.94,0
CUST_0941,226.74,235.98,0,7.87,0,9.24,0
CUST_0942,355.37,343.62,5,11.45,2,-11.75,0
CUST_0943,324.44,332.51,2,11.08,1,8.07,0
CUST_0944,305.34,295.04,4,9.83,1,-10.3,0
CUST_0945,373.68,392.33,4,13.08,1,18.65,0
CUST_0946,257.58,246.5,4,8.22,2,-11.09,0
CUST_0947,212.41,223.72,5,7.46,0,11.31,0
CUST_0948,266.28,265.4,3,8.85,0,-0.88,0
CUST_0949,263.94,297.72,3,9.92,1,33.78,1
CUST_0950,313.71,312.17,5,10.41,0,-1.54,0
CUST_0951,341.13,287.94,4,9.6,1,-53.19,0
CUST_0952,279.75,317.6,3,10.59,0,37.86,1
CUST_0953,264.59,237.42,4,7.91,1,-27.17,0
CUST_0954,391.8,372.19,3,12.41,1,-19.61,0
CUST_0955,313.76,295.89,3,9.86,2,-17.87,0
CUST_0956,314.63,355.86,4,11.86,0,41.23,1
CUST_0957,381.21,317.14,3,10.57,1,-64.07,0
CUST_0958,228.71,322.84,1,10.76,2,94.13,1
CUST_0959,296.81,328.49,3,10.95,0,31.68,1
CUST_0960,315.69,322.39,2,10.75,0,6.7,0
CUST_0961,333.78,332.14,2,11.07,1,-1.65,0
CUST_0962,357.89,366.46,4,12.22,1,8.57,0
CUST_0963,294.19,309.83,4,10.33,2,15.63,0
CUST_0964,316.09,335.45,1,11.18,2,19.36,0
CUST_0965,278.85,295.51,7,9.85,1,16.67,0
CUST_0966,369.32,372.01,3,12.4,1,2.69,0
CUST_0967,272.1,266.18,2,8.87,4,-5.92,0
CUST_0968,394.59,390.05,6,13.0,3,-4.54,0
CUST_0969,303.84,297.99,0,9.93,2,-5.85,0
CUST_0970,194.45,228.46,6,7.62,1,34.01,1
CUST_0971,288.6,306.41,3,10.21,0,17.81,0
CUST_0972,354.16,265.95,3,8.86,0,-88.21,0
CUST_0973,322.36,342.03,5,11.4,1,19.68,0
CUST_0974,261.53,267.37,5,8.91,2,5.84,0
CUST_0975,278.25,277.69,2,9.26,1,-0.56,0
CUST_0976,217.18,205.52,4,6.85,0,-11.66,0
CUST_0977,243.66,277.38,3,9.25,2,33.72,1
CUST_0978,150.38,178.81,6,5.96,0,28.43,1
CUST_0979,243.99,220.8,1,7.36,1,-23.19,0
CUST_0980,325.81,338.02,3,11.27,0,12.21,0
CUST_0981,368.44,339.29,5,11.31,0,-29.15,0
CUST_0982,362.66,321.27,3,10.71,0,-41.39,0
CUST_0983,270.45,251.65,2,8.39,0,-18.8,0
CUST_0984,271.74,297.61,0,9.92,0,25.87,1
CUST_0985,271.23,299.82,1,9.99,1,28.59,1
CUST_0986,226.69,242.08,4,8.07,0,15.39,0
CUST_0987,353.42,375.17,6,12.51,0,21.75,1
CUST_0988,328.38,343.87,2,11.46,1,15.49,0
CUST_0989,308.2,288.95,4,9.63,2,-19.24,0
CUST_0990,288.39,301.34,1,10.04,1,12.96,0
CUST_0991,286.41,310.42,1,10.35,1,24.01,1
CUST_0992,175.28,197.91,9,6.6,0,22.63,1
CUST_0993,251.97,287.64,2,9.59,0,35.67,1
CUST_0994,244.65,265.9,2,8.86,1,21.25,1
CUST_0995,239.38,249.92,3,8.33,0,10.54,0
CUST_0996,253.84,285.94,4,9.53,2,32.1,1
CUST_0997,390.68,389.88,2,13.0,0,-0.8,0
CUST_0998,358.5,332.04,1,11.07,2,-26.46,0
CUST_0999,276.33,271.44,2,9.05,1,-4.89,0
CUST_1000,350.98,328.63,1,10.95,1,-22.35,0
